id,name
1,Renee Erickson
2,Kristina Gordon
3,William Jackson
4,Angela Hill
5,Michael Chen
6,Cody Butler
7,Gregory Hopkins
8,Carrie Ballard
9,Kelsey Garcia
10,Sandra Reed
11,Timothy Glenn
12,Angel Ellis
13,Vanessa Morris
14,Zachary Ruiz
15,Robin Riggs
16,Jeremy Brock
17,Anna Stone
18,David Smith
19,Jordan Hopkins
20,Brooke Davis
21,Jeffrey Franco
22,Deborah Davis
23,Ryan Greer
24,Robin Austin
25,Elizabeth Holloway
26,Joanne Frank
27,Nathan Simmons
28,Mark Pitts
29,Matthew Duran
30,Natalie Hopkins
31,Rachel Howard
32,Mrs. Kathryn Roy DDS
33,Jennifer Riley
34,Corey Thompson
35,Marie Beck
36,Sally Price
37,Diane Reeves
38,Erin Strickland
39,Scott Turner
40,Jessica Moore
41,Sandy Long
42,Gregory Campbell
43,James Hurley
44,Courtney Smith
45,Kerry Mcpherson
46,Ashley Brown
47,Angela Rasmussen
48,Brooke Cohen
49,Colleen Williams
50,Bridget Meyer
51,Lawrence Palmer
52,Wendy Mendoza
53,Tara Garner
54,Marc Sullivan
55,Alexandra Arroyo
56,Alexis Vargas
57,John Woodward
58,Julie Ray
59,Scott Sparks
60,Lisa Benson MD
61,John Spencer
62,Krista Alvarez
63,Steven Black
64,Steven Page
65,Anna Turner
66,William Miller
67,Caitlin Jimenez
68,Patrick Barker
69,Shelia Conley
70,Darrell Smith
71,Richard Myers
72,Dylan Bailey
73,Laura Oconnor
74,Anthony Phillips
75,Ian Reed MD
76,Carolyn Rodriguez
77,Kimberly Brown
78,Vicki Garcia
79,Jacob Martinez
80,Richard Bryant
81,Kenneth Morales
82,Zachary Hess
83,Frederick Hart
84,Marie Anderson
85,Matthew Small
86,Brandy Martinez
87,Kenneth Eaton
88,Adrian Fletcher
89,Valerie Lee
90,Ryan Wilson
91,Katherine Lewis
92,Holly Carr
93,Crystal Hensley
94,Andrew Rivera
95,Miss Wendy Simmons
96,John Elliott
97,Patrick Anderson
98,Jessica Adams DVM
99,Kristin Hancock
100,Claudia Thompson
101,Ronald Jordan
102,Christopher Fowler
103,Tammy Brady
104,Jon Miller
105,Mary Herrera
106,Michael Rivera
107,Michael Love
108,Christopher Cox
109,Jordan King
110,Sandra Love
111,Theresa Odonnell
112,Megan Mora
113,Andre Sharp
114,Olivia Russo
115,Anthony Salas
116,David Glass
117,Sandra Gonzales
118,Terri Herrera
119,Jamie Lewis
120,Elizabeth Davis
121,Mrs. Kristi Gray
122,Shawn Gibson
123,Diana Cole
124,Stephen Turner
125,Elizabeth Mccarthy
126,Patricia Parker
127,James Gray
128,David Rodriguez
129,Richard Rivas
130,Joel Aguilar
131,Dr. James Fields
132,Reginald Martin
133,Crystal Webb
134,Alyssa Torres
135,Angela Scott
136,Nancy Morales
137,David Wilson
138,Blake Santos
139,Sarah Olson
140,Mark Russell
141,Karen Walker
142,Lori Taylor
143,Autumn Butler
144,Larry Gonzales
145,Stefanie Johnson
146,Edgar Thornton
147,Lorraine Valenzuela
148,Rebecca Williamson
149,Denise Bryant
150,Monica Frye
151,April Smith
152,Grace Brady
153,Angela Phelps
154,Michelle Ramirez
155,Sonya White
156,Natalie Turner
157,Brett Peterson
158,Margaret Powers
159,Ashley Patrick
160,Destiny White
161,Jessica Wilson
162,Valerie Norman
163,Cynthia Villa
164,Stephen Cole
165,Duane Riley
166,Bernard Williams
167,Alicia Evans
168,Angela Davis
169,Christopher Mills
170,Michelle Clay
171,Kevin Mitchell
172,Pamela Harrell
173,Frederick Nelson
174,Eric Cook
175,Dakota Morgan
176,Kenneth Lambert
177,Kevin Best
178,Roger Hammond
179,Christopher Graham
180,Michelle Allen
181,Jennifer Wise
182,Keith Woodward
183,John Porter
184,Kathleen Taylor
185,Mrs. Elizabeth Peterson DDS
186,Miss Alicia Espinoza
187,Daniel Young
188,Troy Chen
189,Daniel Wilson
190,Daniel Alexander
191,Catherine Payne
192,James Stein
193,Ronald Wallace
194,Vincent Durham
195,Kathryn Hill
196,Edward Ortiz
197,Jennifer Garcia
198,Larry Mendez
199,Michael Harrington
200,Paul Chen
201,Chad Beck
202,Meagan Black
203,Cheyenne Duke
204,Cheyenne Sullivan
205,Steven Davis
206,Kyle Flores
207,Haley Hamilton
208,Suzanne Smith
209,Christopher Edwards
210,Sherri Weeks
211,Peter Wright
212,Danielle Bennett
213,Adam Lopez
214,Melanie Strickland
215,Shannon Fischer
216,Amy Villarreal
217,Stephanie Duarte
218,Brian Rivera
219,Kimberly Howard
220,Michelle Edwards
221,John Crane
222,Judy Adams
223,Adrian Wheeler
224,Laura Bullock
225,Anthony Simpson
226,Thomas Murray
227,David Lewis
228,Ms. Gabriella Morgan
229,Jessica Ray
230,James Harmon MD
231,Christopher Glenn
232,Catherine Adams
233,Alicia Graves
234,Katherine Rodriguez
235,Sara Carlson
236,Charles English
237,Scott Rosales
238,Morgan Washington
239,Lisa Smith
240,William Andrews
241,John Rodriguez
242,James Wang
243,Theresa Miller
244,James Warner Jr.
245,Rita Hernandez
246,Carmen Ware
247,Seth Frey
248,Danielle Johnson
249,Frances Hines
250,Mark Evans
251,Eduardo Jackson
252,James Boone Jr.
253,Amanda Gonzalez
254,Patrick Nguyen
255,Matthew Phillips
256,Joseph Reid
257,Aimee Jones
258,Jordan Cohen
259,Cynthia Mayo
260,Danny Watts
261,Stephen Perkins
262,Christina Hall
263,Michael Carter
264,Monique Diaz
265,Traci Watson
266,Joseph Williams
267,Amy Martin
268,Daniel Morrison
269,Jeanette Mckinney
270,Christine Flores
271,Robert Mathews
272,Wanda Diaz
273,Gabriel Stephens
274,Joshua West
275,Kevin Lawson
276,Kimberly Carroll
277,Vanessa Rowe
278,Bob Williams
279,Shannon Hunter
280,Veronica Curtis
281,Logan Hess
282,Scott Terry
283,Garrett Armstrong
284,Vanessa Gonzalez
285,Mary Salazar
286,Lisa Clark
287,Cody Melton
288,Seth Diaz
289,Vanessa Baker
290,Richard Walker
291,Robert Fuller
292,Ashley Randolph
293,Pamela Fields
294,Christine Johnson
295,Juan Long
296,Shelby Robertson
297,James Scott
298,Jacqueline Stewart
299,Julie Bond
300,Sarah Mccoy
301,Kimberly Valdez
302,Amanda Williams
303,Corey Jacobson
304,Dr. Todd Lopez
305,Maria Hall
306,Christopher Harper
307,Mr. James Shaw Jr.
308,Connie Porter
309,Joseph Reynolds
310,Amanda Brooks
311,Pamela Tucker
312,Terrance Barron
313,Jerry Ross
314,Lori Dunlap
315,Dorothy Hernandez
316,Ashley West
317,Wesley Miller
318,Frank Lopez
319,David Dawson
320,Barbara Johnson
321,Suzanne Smith
322,Sarah Miller MD
323,Daniel Fisher
324,Valerie Frye
325,Jennifer Preston
326,Charlotte Munoz
327,William Jones
328,Barbara Bryan
329,Jonathan Gamble
330,Natalie Payne
331,Sherry Dennis
332,Richard Taylor
333,Steven Gibson
334,Michael Porter
335,Brandy Carey
336,Pamela Pierce
337,Tommy Howard
338,William Jackson
339,Diana Morgan
340,Sharon Nelson
341,Marc Smith
342,Mindy Clark
343,Yvonne Diaz
344,Kathleen Evans
345,Barry Burch
346,Cassandra Munoz
347,Christopher York
348,Paul Fitzpatrick
349,Aaron Roman
350,Paula Matthews
351,James Obrien
352,Andrea Nguyen
353,Daniel Robbins
354,Johnathan Mayer
355,Dennis Melton
356,Chase Phillips
357,Robert Wilson
358,Amanda Nguyen
359,Joseph Foster
360,Richard James
361,Adam Hall
362,Patrick Watkins
363,Sonya Hunter
364,Vincent Marshall
365,Barbara Arellano
366,Douglas Fowler
367,Crystal Castro
368,Mary Humphrey
369,Phillip Mckee
370,Jeffrey Underwood
371,Faith Ross
372,Steven Adams
373,Cynthia Barker
374,Melissa Stone
375,Eric Coffey
376,Brenda Nelson MD
377,Richard Copeland
378,Emma Price
379,Brent Jones
380,Charlene Le
381,Sandra Benson
382,Kenneth Sanchez
383,Lisa Matthews
384,Joshua Schultz
385,Aaron Smith
386,Andrea Stuart
387,Debra Gonzalez
388,Jason Garcia
389,Howard Davidson
390,Kelly Burton
391,Robert Conley
392,Veronica Martin
393,Mark Pearson
394,Leon Bishop
395,Meredith Davis
396,Walter Lowe
397,Alyssa Malone
398,Thomas Walker Jr.
399,John Carr
400,John Moyer
401,Caitlin Nguyen
402,Brandon Oconnor
403,Gary Scott
404,Phillip Fry
405,Brandon Webb
406,Alexander Howard
407,James Bowen
408,Michael Carrillo
409,Mr. Troy Thomas
410,Jacqueline Collins
411,Derrick Mckinney
412,Jessica Williams
413,Alexander Bailey
414,Pamela Hardy
415,Jennifer Silva
416,Courtney Gilbert
417,Linda Brooks
418,Heidi White
419,Sherry Steele
420,Sean Baker
421,Jeremy Holland
422,Daniel Martinez
423,Heather Harper
424,Emily Smith
425,Kristina Martinez
426,Douglas Terry PhD
427,Susan Ryan
428,Dr. Christopher Wang
429,Eddie Fleming
430,Melanie Welch
431,Michael Walker
432,Deborah Wright
433,Laurie Campos
434,Julie Washington
435,Erica Henderson
436,Stephen Hester
437,Kayla Monroe
438,Michelle Newton
439,Jessica Rojas
440,Ashlee Fox
441,Jason Kent
442,James Thompson
443,Jennifer Moran
444,James Williams
445,Mrs. Brittney Olson MD
446,Gregory Young
447,Tammy Russell
448,Stephanie Zimmerman
449,Stephanie Ross
450,Kevin Jones
451,David Finley
452,Douglas Andersen
453,Kevin Novak
454,Kimberly Martinez
455,Rachel Villarreal
456,David Gonzalez DVM
457,Jessica Powers
458,Timothy Rice
459,Sean Jones
460,Stephen Miller
461,Jack Callahan
462,Andrea Matthews
463,Katrina Davis
464,Alison Carpenter
465,Lee Lambert
466,Patrick Allison
467,Terrance Rangel
468,Christopher Clark
469,Christina Hines
470,David Frazier
471,Manuel Montoya
472,John Moore
473,Charles Johnson
474,Dana Edwards
475,Zachary Martinez
476,Lisa Hernandez
477,Jessica Miller
478,Jennifer Robinson
479,Jonathan Frye
480,Andrew Scott
481,Christopher Li
482,Tony Peterson
483,Gina Hogan
484,Rebecca Ross
485,Kathryn Shaffer
486,Devin Miller
487,Kristopher Allen
488,Jon Warner
489,Shane Lin
490,Jonathan Anderson
491,Sarah Walker
492,Krystal Sparks
493,Kathleen Medina
494,Charles King
495,Mrs. Julie Park PhD
496,Audrey Ward
497,Sharon Huynh
498,James Schmidt
499,Kaitlin Martinez
500,Brittany Barrett
