department_id,department_name
1,William
2,Jose
3,Kayla
4,Frank
5,Dennis
6,Julia
7,Michael
8,Alejandro
9,James
10,Michael
11,Sarah
12,Amanda
13,Bryan
14,Jack
15,Kevin
16,Christopher
17,Catherine
18,Patricia
19,Alexander
20,Cesar
21,Debra
22,Donald
23,Alexa
24,Andre
25,Amanda
26,Cheryl
27,Benjamin
28,Brent
29,Ebony
30,Cody
31,Denise
32,Jon
33,Nicholas
34,Michael
35,Emily
36,Jennifer
37,Ricky
38,Brent
39,Antonio
40,Kimberly
41,Robert
42,Nancy
43,Danielle
44,Deborah
45,Kenneth
46,Melissa
47,Ashley
48,Crystal
49,Michael
50,Christina
51,Brian
52,Melissa
53,Wendy
54,Sandy
55,Michelle
56,Matthew
57,Amy
58,Andrew
59,Lauren
60,Amanda
61,Russell
62,Marc
63,Marissa
64,Keith
65,Sharon
66,Adam
67,Anthony
68,Brenda
69,James
70,Courtney
71,Chelsea
72,Cassandra
73,James
74,Erin
75,Shaun
76,Nicole
77,Dana
78,Robert
79,Ashley
80,Rebecca
81,Jennifer
82,Becky
83,Ronald
84,Carla
85,Donald
86,Hayden
87,Sandra
88,Kimberly
89,Corey
90,Cheyenne
91,Linda
92,Robert
93,Antonio
94,Brian
95,Kelly
96,Jonathan
97,Heather
98,Lisa
99,Amber
100,Eric
101,Jacob
102,Theresa
103,Frances
104,Rodney
105,Amber
106,Melissa
107,Trevor
108,Julie
109,Alexandra
110,Anthony
111,Thomas
112,Laura
113,James
114,Laura
115,Robert
116,Colleen
117,Daniel
118,Aaron
119,Jennifer
120,Christopher
121,Paul
122,Kevin
123,Joel
124,Joshua
125,Laura
126,Maria
127,Amber
128,Joshua
129,Amy
130,Alison
131,Carly
132,Brandy
133,Deborah
134,Benjamin
135,Angela
136,Shawn
137,Christopher
138,Heather
139,David
140,Zachary
141,Jennifer
142,Michael
143,Megan
144,Christopher
145,Emily
146,Ronnie
147,Blake
148,Holly
149,Jeffrey
150,Steven
151,Sarah
152,Heidi
153,William
154,Cheryl
155,Michelle
156,Michelle
157,Andre
158,Martha
159,Brenda
160,Joshua
161,Charles
162,Christopher
163,Dennis
164,Scott
165,Robert
166,Daniel
167,Krista
168,Kathleen
169,Debra
170,David
171,Patrick
172,Mary
173,Ann
174,Patrick
175,Shannon
176,Kellie
177,Stephen
178,Samuel
179,Johnny
180,Glenn
181,Jennifer
182,Tiffany
183,Alicia
184,Julie
185,John
186,Melissa
187,Michelle
188,Jeffrey
189,Michael
190,Virginia
191,Rhonda
192,Joseph
193,Christopher
194,Timothy
195,Janice
196,William
197,Nicholas
198,Jennifer
199,Daniel
200,Jay
201,Tanya
202,Katie
203,Carol
204,Carlos
205,Leslie
206,Valerie
207,Kenneth
208,Samantha
209,Laurie
210,Catherine
211,Robert
212,Patrick
213,Molly
214,Valerie
215,Juan
216,Sara
217,Theresa
218,Robert
219,Matthew
220,Jeff
221,Rebecca
222,Bradley
223,Kayla
224,Nicholas
225,Sherry
226,Karen
227,Kristen
228,Robert
229,Samantha
230,Martha
231,Brenda
232,Joshua
233,Robert
234,Angela
235,Sally
236,Edwin
237,Amanda
238,John
239,Michelle
240,Emily
241,Kellie
242,Erica
243,John
244,Daniel
245,Gregory
246,Jennifer
247,Regina
248,Theresa
249,Richard
250,Sydney
251,Paul
252,Michael
253,Francisco
254,Jeremy
255,Brandon
256,Dakota
257,Michael
258,Joseph
259,April
260,Michele
261,Sabrina
262,Kathleen
263,Katie
264,John
265,Gabriel
266,Colin
267,Amy
268,Henry
269,Amy
270,Patrick
271,John
272,Morgan
273,Jesse
274,Candice
275,Leroy
276,Natalie
277,Sara
278,Sarah
279,Caitlyn
280,Kevin
281,Harry
282,Brian
283,Troy
284,Scott
285,Kendra
286,Linda
287,Jeffrey
288,Thomas
289,Ashley
290,Justin
291,Taylor
292,Michael
293,Kevin
294,Latoya
295,Joseph
296,William
297,Laura
298,Sheryl
299,Erin
300,Patricia
301,Samantha
302,Bradley
303,Daniel
304,Michael
305,Harry
306,Tonya
307,Nancy
308,Charles
309,Elizabeth
310,Julie
311,Gregory
312,Rodney
313,Ian
314,Jeremy
315,Kimberly
316,Latasha
317,Kristina
318,Karen
319,Francis
320,Kenneth
321,Mark
322,Dylan
323,Nancy
324,Jocelyn
325,Laurie
326,Jenna
327,Julie
328,Adrian
329,Michelle
330,Elizabeth
331,Jeffrey
332,Nathan
333,Amanda
334,Holly
335,Kyle
336,Michael
337,Larry
338,Kimberly
339,Charles
340,Matthew
341,Barry
342,Andrea
343,Haley
344,Amanda
345,Summer
346,Laura
347,Thomas
348,Michael
349,Monica
350,David
351,Sarah
352,William
353,Lisa
354,Stephanie
355,Frances
356,Thomas
357,Karen
358,Ryan
359,John
360,Donald
361,Steve
362,Catherine
363,Rachel
364,Caroline
365,Andrew
366,Misty
367,Megan
368,David
369,Kurt
370,Brendan
371,Francis
372,Mary
373,Adam
374,Jacob
375,Sandra
376,David
377,Donna
378,Erica
379,Melissa
380,Shawn
381,Samuel
382,Spencer
383,Brian
384,Joe
385,Olivia
386,Michelle
387,Kara
388,Michael
389,Erica
390,Susan
391,Alexander
392,Corey
393,Christian
394,Michael
395,Olivia
396,Elizabeth
397,John
398,Justin
399,John
400,Daniel
401,Marie
402,Dennis
403,Carolyn
404,Jesus
405,Amanda
406,Joseph
407,Paul
408,Richard
409,John
410,Kathryn
411,Melissa
412,Anna
413,William
414,Joy
415,Christopher
416,Tony
417,Brendan
418,Tonya
419,Randall
420,Kristen
421,Lance
422,Brad
423,Robert
424,Alison
425,Brandon
426,Brian
427,Andrew
428,Alex
429,Angela
430,John
431,Kelly
432,Brian
433,Jennifer
434,Rodney
435,Steven
436,Levi
437,Travis
438,Michael
439,Katie
440,Angela
441,Tracy
442,Deborah
443,Danielle
444,Rachel
445,Teresa
446,Jeffrey
447,Kristopher
448,Jose
449,Charles
450,Joseph
451,Kaitlyn
452,Jillian
453,Michael
454,Charles
455,Megan
456,Kristen
457,Maria
458,Todd
459,Mark
460,Patrick
461,Justin
462,Anthony
463,Nichole
464,Kristi
465,Alexis
466,Kevin
467,Gregory
468,Eugene
469,Janice
470,Daniel
471,Randy
472,William
473,Joseph
474,Dustin
475,Patrick
476,John
477,Marc
478,Richard
479,Kimberly
480,Louis
481,Susan
482,Sarah
483,Angela
484,Victoria
485,Daniel
486,Ronnie
487,Geoffrey
488,Jeffrey
489,Brian
490,James
491,Michael
492,Jeffrey
493,Robert
494,Ashley
495,Morgan
496,William
497,Jeffrey
498,Kimberly
499,Joseph
500,Darryl
501,Randall
502,Diane
503,Jennifer
504,Elizabeth
505,Angel
506,Felicia
507,Corey
508,Elizabeth
509,Mark
510,Kenneth
511,Bryan
512,Caitlin
513,Arthur
514,Amber
515,Anne
516,Sydney
517,Paul
518,Jenna
519,Jerry
520,Joshua
521,Brandon
522,Kayla
523,Vincent
524,Vincent
525,Stephen
526,Charles
527,Tyrone
528,Donna
529,Jennifer
530,Scott
531,Paula
532,Andrew
533,Clayton
534,Justin
535,Andrew
536,Jennifer
537,Mike
538,Mary
539,Kent
540,Marie
541,James
542,Sara
543,Julie
544,Tyler
545,Caitlin
546,Sarah
547,Courtney
548,Michele
549,Justin
550,Sandra
551,Stephanie
552,Jacqueline
553,Angel
554,Anne
555,Jason
556,Robin
557,Joseph
558,Heather
559,Anita
560,Jessica
561,Charles
562,Mark
563,Joseph
564,James
565,Jennifer
566,Alec
567,Wanda
568,James
569,Craig
570,Jason
571,Jacob
572,David
573,Jessica
574,Justin
575,Michael
576,William
577,Kelly
578,Andrea
579,Dalton
580,Susan
581,Jennifer
582,Matthew
583,Benjamin
584,Todd
585,Kevin
586,Robert
587,Danielle
588,Jeffrey
589,Brent
590,Lori
591,Michaela
592,Raymond
593,Alejandra
594,Christina
595,Francisco
596,Norman
597,Jeffrey
598,Hector
599,Gregory
600,Jessica
601,Steven
602,Michelle
603,James
604,Christy
605,Francis
606,Thomas
607,Alexandra
608,Brooke
609,Nicholas
610,Amanda
611,Molly
612,Holly
613,Felicia
614,Brandon
615,Joshua
616,Denise
617,Allison
618,Amanda
619,Jennifer
620,Angela
621,Hunter
622,Christina
623,Victoria
624,Kenneth
625,Carla
626,Rebecca
627,Richard
628,Patrick
629,David
630,Nathaniel
631,Carol
632,Maria
633,Dale
634,Shane
635,Rebecca
636,Michael
637,Lauren
638,Andrew
639,Jennifer
640,Holly
641,James
642,Derrick
643,Ryan
644,Destiny
645,Kimberly
646,Jonathan
647,Kendra
648,Natasha
649,Mark
650,Stephanie
651,William
652,Jacqueline
653,John
654,Tracy
655,Anthony
656,Patrick
657,Rachel
658,Richard
659,Bryan
660,Aaron
661,Corey
662,Kevin
663,Dale
664,John
665,Kara
666,Aaron
667,John
668,Monique
669,Bradley
670,Eric
671,Kathryn
672,Alan
673,Ashley
674,Christine
675,Beth
676,Veronica
677,Matthew
678,Christopher
679,Robin
680,Tiffany
681,Alexandra
682,David
683,Jim
684,Tara
685,Mary
686,Gabrielle
687,Jaime
688,Julian
689,Christopher
690,Heather
691,Rachel
692,Daniel
693,Ellen
694,Julie
695,Jared
696,Christian
697,Herbert
698,Karen
699,Ricky
700,Jeremy
701,Anthony
702,Kevin
703,Susan
704,Kristie
705,Matthew
706,Emily
707,Ronald
708,Juan
709,Mark
710,Margaret
711,Manuel
712,Melissa
713,Melinda
714,Stephanie
715,Michael
716,Crystal
717,Andrew
718,Carol
719,Rhonda
720,Sandra
721,Erin
722,Sarah
723,Andrea
724,Maxwell
725,Ronald
726,William
727,Mark
728,Justin
729,Kimberly
730,Jesse
731,Amber
732,Kimberly
733,Charles
734,Michael
735,Anthony
736,Molly
737,Cathy
738,Kimberly
739,Kevin
740,Michael
741,William
742,Brenda
743,Kevin
744,Gabriel
745,Timothy
746,Susan
747,Frank
748,Christopher
749,John
750,Jessica
751,Mary
752,Nicole
753,Tammy
754,Matthew
755,Charles
756,Joseph
757,Lisa
758,Steven
759,Victoria
760,Elizabeth
761,Margaret
762,Kyle
763,Dillon
764,Sandy
765,Valerie
766,Amanda
767,Tammy
768,Cody
769,Robert
770,Kimberly
771,Mark
772,Louis
773,Andre
774,Crystal
775,Elizabeth
776,Rebecca
777,William
778,Kim
779,Suzanne
780,Micheal
781,Amanda
782,Rhonda
783,Chelsea
784,Maria
785,Fred
786,Nancy
787,Susan
788,Travis
789,Andrew
790,Jessica
791,Justin
792,Jason
793,Christine
794,Rebecca
795,Laura
796,Thomas
797,Richard
798,Morgan
799,Jonathan
800,Ashlee
801,Joanna
802,Jonathan
803,Jacqueline
804,Richard
805,Nicole
806,Kristi
807,Amanda
808,Beth
809,Sarah
810,Patricia
811,Eileen
812,Nancy
813,Sue
814,Amanda
815,Erika
816,Ryan
817,Shane
818,Nathaniel
819,Lisa
820,Jason
821,Dennis
822,Maria
823,Kaitlin
824,Amber
825,Courtney
826,Bryan
827,Deanna
828,Kristina
829,Richard
830,Seth
831,Pamela
832,Ashley
833,Mary
834,Micheal
835,Kimberly
836,Luke
837,Kristen
838,Nancy
839,Angela
840,Morgan
841,Peter
842,Barbara
843,David
844,Andrew
845,Christine
846,Hannah
847,Susan
848,Megan
849,Michael
850,Sarah
851,William
852,Lauren
853,Kevin
854,Jose
855,Dustin
856,Jason
857,Robert
858,Ryan
859,Alexander
860,Whitney
861,Bailey
862,Daryl
863,Marc
864,Kenneth
865,Jason
866,Todd
867,David
868,Kenneth
869,Jeremy
870,Rebekah
871,David
872,Todd
873,Dana
874,Eric
875,Amber
876,Victoria
877,Michael
878,James
879,Jamie
880,Tracey
881,Bruce
882,John
883,Jeremy
884,Robert
885,Tina
886,Carla
887,Steven
888,Erin
889,Stephanie
890,Antonio
891,Phillip
892,Walter
893,William
894,Kimberly
895,Jonathan
896,Mary
897,David
898,Karen
899,Michelle
900,Ryan
901,Heather
902,Nancy
903,Donald
904,Jennifer
905,Raymond
906,Barbara
907,Mark
908,Maria
909,Colleen
910,Anthony
911,Paige
912,Ellen
913,Matthew
914,John
915,Daniel
916,Scott
917,Diane
918,Kevin
919,Joseph
920,Lisa
921,Kathy
922,Christina
923,Teresa
924,Martha
925,Lucas
926,Michael
927,Christopher
928,Cody
929,Jared
930,Stacy
931,Carolyn
932,Jack
933,Michelle
934,Chad
935,Jacqueline
936,Brian
937,Susan
938,Antonio
939,Caleb
940,Travis
941,William
942,Bryan
943,Stephen
944,Jason
945,Jason
946,Brittany
947,Benjamin
948,Robin
949,Elizabeth
950,Antonio
951,Gloria
952,Heather
953,Paula
954,Courtney
955,Tom
956,Michelle
957,Paula
958,Derrick
959,Dawn
960,Brittany
961,Brittany
962,Richard
963,Lori
964,Amanda
965,Brian
966,Manuel
967,Terri
968,Nicholas
969,Matthew
970,Sharon
971,Cassidy
972,Todd
973,Bernard
974,Bryan
975,Stanley
976,Michelle
977,Vickie
978,Michael
979,Jonathan
980,Ryan
981,Jenny
982,Victoria
983,Steven
984,Robert
985,Craig
986,David
987,Karen
988,Corey
989,Troy
990,Madison
991,Jason
992,Marie
993,Laurie
994,Victoria
995,Dale
996,Adam
997,Erica
998,Lance
999,Mark
1000,Christine
