id,first_name,last_name,email
1,Erika,Hartman,cooperchristopher@example.org
2,James,Vazquez,rmoyer@yahoo.com
3,Cheyenne,Davis,ulawson@lopez.com
4,Michael,Howard,zstevens@example.com
5,Robert,Weaver,mckenziechase@sampson-levine.com
6,Justin,Long,fullerjasmine@hotmail.com
7,Vanessa,Munoz,patricia03@example.com
8,Wesley,Wilson,amy17@yahoo.com
9,Joshua,Jones,crystaljackson@yahoo.com
10,Lauren,Collins,fcasey@example.com
11,Samuel,Farmer,william25@hotmail.com
12,David,Smith,dweiss@gmail.com
13,Joel,Jackson,karina21@example.org
14,Ryan,Payne,rodriguezmarcus@example.org
15,Marissa,Gomez,brownronald@hotmail.com
16,Kathryn,Goodwin,valenzuelazachary@example.net
17,Philip,Johnson,scottcarey@yahoo.com
18,Lauren,Ramirez,sheenajohnston@gmail.com
19,Kathryn,Mueller,phillipcox@yahoo.com
20,Shawn,Rivera,briancole@example.net
21,Gregory,Mason,elizabeth88@example.org
22,Catherine,Jones,cbest@example.com
23,Elizabeth,Moore,rhill@chavez-paul.com
24,Megan,Curtis,wsantana@example.org
25,Steven,Daniel,michael22@yahoo.com
26,Ronald,Davis,vazquezkelly@example.com
27,Christopher,Cooper,sarnold@yahoo.com
28,Austin,Mitchell,william36@hotmail.com
29,Thomas,Walker,fbowen@gmail.com
30,Bobby,Bruce,harrelljohn@martin.biz
31,William,Mathis,abigail37@example.com
32,Anthony,Kim,dawnle@yahoo.com
33,Steven,Martin,ataylor@yahoo.com
34,Shawn,Montgomery,lucas51@example.net
35,Christopher,Jacobson,starkjoel@example.org
36,James,Maldonado,hilltheresa@example.net
37,Hannah,Smith,edward26@gmail.com
38,Frances,Hill,desireeturner@fritz.info
39,Deborah,Meyers,charlesgonzales@yahoo.com
40,Michael,Sanchez,herringemily@example.net
41,Mark,Gomez,steven44@example.net
42,John,Wells,nicholslisa@example.net
43,Beverly,Parks,brianpollard@example.org
44,Mark,Eaton,joseph59@greene.com
45,Alexander,Short,xmaxwell@warner-nelson.com
46,John,Ramirez,lsmith@example.net
47,Rachel,Russell,megankim@example.com
48,David,Torres,lauren24@hotmail.com
49,Paul,Hill,ashleyrivera@example.net
50,Melissa,Robinson,eduardomartinez@gmail.com
51,Anna,Holland,brittany62@example.com
52,Ryan,Arnold,debrathompson@example.com
53,Taylor,Ayers,george72@example.com
54,James,Jones,mccartypaul@sims-hunt.org
55,Kevin,Santiago,williamsdeborah@example.com
56,Stephanie,Delgado,sarah58@example.org
57,Joseph,May,josephmartinez@example.org
58,Abigail,Morrison,carlsonjustin@example.org
59,Kenneth,Chung,stephaniebarnes@example.org
60,Jacqueline,Dominguez,robbinsjonathan@griffith.com
61,David,Smith,brianlopez@gmail.com
62,Jeffrey,Gray,cfitzgerald@aguilar-rivers.com
63,Ann,Hines,tracysmith@example.net
64,Holly,Villa,castillojacob@daniels.info
65,Wendy,Perez,fward@example.com
66,Sarah,Bryant,michaelsullivan@mahoney-bailey.org
67,Jeffrey,Jimenez,hernandezadam@yahoo.com
68,Kenneth,Stark,nicholastorres@haynes.com
69,Jonathon,Guerrero,lindsey16@yahoo.com
70,Crystal,Martinez,ubrown@example.org
71,Crystal,Martin,richardryan@reynolds.com
72,Amber,Sullivan,deankathryn@gmail.com
73,Troy,Mahoney,charles83@gmail.com
74,James,Mcintosh,megan89@example.net
75,Thomas,Powell,rjohnson@example.org
76,Melissa,Pearson,nbarber@example.org
77,Brian,Smith,douglas68@example.net
78,Zachary,Riley,qbarrett@hotmail.com
79,Eric,Hardy,karigarcia@example.com
80,Steven,Peterson,christinapayne@blanchard-henry.com
81,Alexandra,Fernandez,amanda09@example.com
82,William,Maxwell,gwong@rodriguez-anderson.com
83,Richard,Wilson,kellyandrews@hotmail.com
84,Jonathan,Morris,mariarobinson@example.org
85,Austin,Adams,bryanvillarreal@hotmail.com
86,Eric,Mcfarland,xramsey@smith.biz
87,Peter,Smith,flemingemily@example.net
88,Albert,Ritter,mhernandez@example.org
89,Yvette,Perkins,lindseybrian@hotmail.com
90,Tamara,Smith,gmclaughlin@gmail.com
91,Eric,Leonard,mortonjustin@example.org
92,Laura,Lee,justin82@gmail.com
93,Lisa,Morris,brandonwilliams@gmail.com
94,Joseph,Barnes,lmiller@molina.com
95,Sandra,Lee,erica20@example.net
96,Amy,Miller,taylor48@gmail.com
97,Richard,Barnett,rtaylor@bryant-howard.com
98,Mark,Mccoy,courtneysanchez@hotmail.com
99,Jason,Berry,thomas05@example.org
100,James,Farley,esnyder@yahoo.com
101,Hayden,Soto,drewcline@example.com
102,Sherri,Valenzuela,victorthomas@yahoo.com
103,Jeffery,Day,swilliams@hotmail.com
104,Anna,Nelson,mmiller@example.com
105,Samantha,Johnson,jeffrey44@example.net
106,Emily,Ray,melanie32@williams.org
107,Gabriella,Crawford,eric85@example.org
108,Adam,Adams,shelleymitchell@example.org
109,Catherine,Pratt,jonathan82@collins-martinez.com
110,Thomas,Crawford,ysimmons@gray.com
111,Edward,Davies,dvaughn@example.com
112,Lindsey,Anderson,blucas@example.com
113,Nicholas,Mcintosh,eatonrichard@yahoo.com
114,Brittany,Owens,erincarter@pena.net
115,Robert,Ayala,lbrown@hotmail.com
116,Brandy,Holmes,willie36@yahoo.com
117,Tracy,Ellis,timothygomez@example.com
118,Michael,Hunt,carolroberts@yahoo.com
119,Sabrina,Phelps,colleen83@example.net
120,George,Harris,paul00@example.net
121,Amanda,Cox,millerbethany@example.com
122,Joseph,Woodward,dana44@vincent-howe.org
123,Lisa,Reyes,jasongomez@gmail.com
124,Melinda,Martinez,angela09@rogers.com
125,Zoe,Hart,uwood@yahoo.com
126,Robin,Tanner,ubrooks@shaw-henson.com
127,Christina,King,dgalloway@example.org
128,Sarah,Randall,hopkinsmary@hotmail.com
129,Darrell,Nguyen,kimberlymatthews@example.net
130,Chelsea,Gonzalez,michellesmith@yahoo.com
131,Joseph,Moore,carolyn23@schroeder.com
132,Kelly,Perez,yholland@example.com
133,Jessica,Mcknight,michaelwalker@gmail.com
134,Jesse,Morgan,turnersamantha@yahoo.com
135,Katie,Palmer,dking@gmail.com
136,Kathleen,Kelley,frodriguez@ruiz-baker.com
137,Tina,Bennett,mayerwendy@example.net
138,Manuel,Day,bakerthomas@gmail.com
139,Jennifer,Dunn,changjackson@hotmail.com
140,James,Gonzalez,parkerjose@yahoo.com
141,Kevin,Simmons,gerald53@example.org
142,Christopher,Meyers,amanda52@moore.com
143,Christopher,Walker,matthewgentry@example.com
144,Sharon,Tapia,wyatt25@hotmail.com
145,David,Benton,lisapace@moore-knox.com
146,Tony,Pittman,lchandler@example.org
147,Harry,Kim,scottfreeman@anderson.info
148,Lawrence,Jones,gardnerrobert@yahoo.com
149,Dominic,Hicks,wardjoseph@example.com
150,Tammy,Wright,hammondjason@example.com
151,Victoria,Johnson,adamskaren@example.org
152,Regina,Thompson,zshepherd@yahoo.com
153,Brendan,Lee,rebecca74@example.com
154,Hannah,Morton,stevensbenjamin@example.com
155,Diane,Soto,heather24@yahoo.com
156,Rose,Henderson,piercekevin@gmail.com
157,David,Houston,dwells@carrillo.net
158,Crystal,Frazier,vgordon@gmail.com
159,Michelle,Andrade,michael59@martinez.net
160,William,Frazier,annettesmith@example.org
161,Christine,Chavez,zcampbell@example.net
162,Christopher,Delgado,rodriguezcarla@example.net
163,Sally,Carr,hmiller@example.net
164,William,Smith,kayla98@hotmail.com
165,Stephanie,Brown,williamscindy@example.net
166,Zachary,Parks,mistymonroe@example.net
167,Linda,Brown,sanchezseth@rogers.com
168,Jose,Castro,gnelson@example.net
169,Joshua,Griffin,ylin@example.com
170,Carlos,Lozano,wstone@example.org
171,James,Hawkins,hmclaughlin@example.org
172,Cody,Hernandez,krista40@martinez-anderson.net
173,Wendy,White,mary04@garner.com
174,Holly,Nguyen,melissa68@gmail.com
175,Troy,Murphy,ewong@rodriguez.com
176,Paula,Ramirez,charlesteresa@smith.com
177,Kristen,Boyd,morganjohn@example.net
178,Craig,Molina,myerspaul@gmail.com
179,Emily,Smith,orozcomichael@example.org
180,Jill,Johnson,hfletcher@example.net
181,Robert,Campbell,jeremy64@tanner.com
182,Dawn,Martinez,kgutierrez@oconnell-rose.com
183,Bradley,Gonzalez,ghorton@gmail.com
184,Michele,Hensley,garyrogers@example.com
185,Rhonda,Sheppard,donaldmyers@yahoo.com
186,Lisa,Anderson,pamela66@example.net
187,Amanda,Hull,murraymichael@example.com
188,William,Stephens,shawlauren@gmail.com
189,Amanda,Carlson,pblake@example.net
190,Amber,Bentley,ehubbard@example.com
191,Gary,Kemp,frowland@example.org
192,Jason,Herrera,jenniferwhitney@example.org
193,Brian,Phillips,larryharris@example.com
194,Jason,Ortega,nwebb@gmail.com
195,Lauren,Goodwin,yzhang@example.org
196,Mark,Roberts,douglassawyer@gmail.com
197,Joseph,Morris,richardsimmons@example.org
198,Jamie,Montoya,jamesmorales@potter.com
199,Scott,Jensen,armstrongkayla@example.com
200,Ashley,Serrano,leah69@example.com
201,Robert,Wagner,melissa37@hotmail.com
202,Sarah,Rodriguez,christine25@clark-long.org
203,Sonya,Daniel,matthewhorton@hotmail.com
204,Gary,Schmidt,sullivanshawn@higgins.org
205,Daniel,Palmer,donnaward@gray.com
206,Melissa,Terry,ydougherty@example.com
207,Kaylee,Rodriguez,cwillis@gmail.com
208,Todd,Wilson,scott24@gray.com
209,Rachel,Simon,williamsgloria@norris.net
210,Eric,Buchanan,kerrcory@example.net
211,Richard,Roberts,yvonnephillips@example.net
212,Brandon,Aguilar,davidlewis@gmail.com
213,Ann,Alexander,jeffrey56@gmail.com
214,Chad,Berg,chelsea86@example.org
215,Cassandra,Barr,qhuff@example.com
216,Roger,Young,stacylong@gmail.com
217,Sharon,Adams,aguirrejeanette@hotmail.com
218,Michael,Smith,thomasschultz@gmail.com
219,Abigail,King,mcooke@example.org
220,Michelle,Zimmerman,amber67@fisher.com
221,Scott,Davis,dfreeman@stewart.com
222,Joshua,Collins,marcussantana@example.net
223,April,Warren,lrodriguez@meyer.com
224,Ryan,Adams,jasonsmith@example.com
225,Jessica,Anderson,sonia88@example.net
226,Sarah,Kelly,bradshawthomas@example.net
227,Colleen,Silva,robertpoole@example.org
228,Kenneth,Mayo,kpatterson@example.net
229,Brittany,Harris,brivers@yahoo.com
230,Erin,Lamb,egolden@yahoo.com
231,Amber,Ruiz,dianewheeler@gmail.com
232,Randy,Parker,ttucker@johnson.com
233,Jeffrey,Miller,elizabeth45@gmail.com
234,Felicia,Jimenez,michaelnunez@example.org
235,Darius,Schneider,jeffrey55@carter-hines.com
236,Christy,Merritt,gthomas@example.org
237,Laura,Peterson,craigmargaret@example.org
238,Bryan,Smith,leahlittle@richard.com
239,Kim,Owens,frank88@yahoo.com
240,Matthew,Small,emily21@kennedy.org
241,Bruce,Hernandez,yhiggins@example.net
242,Jacqueline,Oconnor,alexanderwilson@hotmail.com
243,Carolyn,Rodriguez,courtney27@yahoo.com
244,Helen,Jackson,sanchezalejandra@vazquez.com
245,Thomas,Schmidt,kristinfields@example.org
246,Adam,Brown,wilkinsongeorge@wheeler.biz
247,Megan,Ferguson,joseph09@gmail.com
248,Martin,Williams,stacey02@hotmail.com
249,Michael,Wallace,racheljohnson@lawson-miller.com
250,Brent,Wright,balvarez@yahoo.com
251,Shawn,Morrison,moralessean@gmail.com
252,Monica,Carpenter,turnerglenn@example.net
253,Natalie,Rocha,andreanguyen@yahoo.com
254,Deborah,Schultz,athomas@valencia.com
255,Ryan,Scott,jellison@hotmail.com
256,Matthew,Lee,henryjoseph@ramirez.com
257,Ricky,Anderson,christianjames@example.org
258,Jasmin,Powers,nsharp@example.com
259,Danielle,Freeman,gcopeland@oconnor-mcintyre.com
260,Amber,Ellis,matthewgomez@example.net
261,Sylvia,Edwards,blevinskimberly@gmail.com
262,Jason,Wilcox,jamielin@barnes.com
263,Shawn,Johnson,pparker@valentine.com
264,Brianna,Duncan,vmitchell@gmail.com
265,James,Pierce,michael37@yahoo.com
266,Douglas,White,georgesmith@example.com
267,David,Carter,ingramthomas@example.org
268,Blake,Mcknight,wendywall@example.com
269,Rebecca,Ortiz,ymcdaniel@cohen.com
270,Katie,Parker,piercelinda@hotmail.com
271,Catherine,Campbell,chelseahughes@delgado.com
272,James,Thomas,vpetty@yahoo.com
273,Jacqueline,Collins,wrightmelissa@example.net
274,Amy,Cross,malik71@arnold.com
275,Ashley,Mcgee,kstokes@example.org
276,Yolanda,Walker,bradleyhughes@yahoo.com
277,Haley,Stephens,gcarter@hotmail.com
278,Anna,Allen,jennifer21@gmail.com
279,Cassandra,Lopez,reyesgarrett@example.com
280,Pamela,Adams,sosaangel@example.org
281,Jennifer,Smith,zmcintosh@example.com
282,Nancy,Cervantes,vsolis@example.org
283,Keith,Oliver,harmonpenny@gmail.com
284,John,Daugherty,lambnatalie@example.net
285,Adrian,Harris,kgreen@example.org
286,Howard,Graves,morgandouglas@gmail.com
287,Alicia,Carlson,bakerdeanna@hotmail.com
288,Pedro,Crawford,wdyer@example.org
289,Meghan,Buck,collinsmadison@example.org
290,Carl,Briggs,kristina33@example.net
291,Heidi,Wilson,higginswanda@yahoo.com
292,Debbie,Wilkins,michael13@singleton.com
293,Jennifer,Smith,nvance@harvey.com
294,Tony,Simon,joseph12@example.org
295,Michael,Butler,mercernicholas@gmail.com
296,Christian,Johnson,wbryant@example.org
297,Michelle,Vincent,ngardner@jones-thomas.org
298,Joanna,Carter,blakejohnson@example.org
299,Michael,Chavez,meyerryan@yahoo.com
300,Jennifer,Spencer,swilliams@gmail.com
301,Amber,Harper,garciakevin@example.org
302,Juan,Murray,saundersedward@hotmail.com
303,Maria,White,ericwelch@hotmail.com
304,James,Barajas,nferrell@example.org
305,Maria,Valencia,ethan32@example.org
306,Bryan,Cook,taracampbell@yahoo.com
307,Jennifer,Nelson,collinsbeth@example.com
308,Christine,Day,mariahoward@example.net
309,David,Williams,erinhenry@gmail.com
310,Jack,Hartman,eflores@gmail.com
311,Ryan,Avery,anthonyolivia@yahoo.com
312,Suzanne,Jones,carmen60@example.com
313,Shawn,Day,danamurray@example.net
314,Dustin,Boone,griffithsara@ochoa.biz
315,Jamie,Hill,princejanet@example.org
316,Rachel,Morrison,jameslucas@potter-quinn.biz
317,John,Dominguez,gregory34@gmail.com
318,Sean,Harris,mckenzie12@medina.com
319,Sara,Richardson,smithcindy@example.org
320,Richard,Hogan,flowersbryan@gmail.com
321,Stacy,Johnson,ashley92@example.net
322,Carla,Kennedy,rachel37@example.org
323,Joshua,Bennett,amy66@yahoo.com
324,Veronica,Williams,amy75@yahoo.com
325,Daniel,Stone,dsweeney@brady.com
326,Misty,Young,andrew62@hotmail.com
327,Carlos,Dawson,ihall@hotmail.com
328,Ashley,Burton,morrisonsean@white.com
329,Latasha,Douglas,trevor94@yahoo.com
330,Peter,Golden,john11@example.com
331,Jeremy,Cantrell,twallace@yahoo.com
332,Deborah,Young,johnsonaaron@example.net
333,Tonya,Swanson,ubright@example.com
334,Mason,Cortez,jonathan53@hotmail.com
335,David,Meza,blakejackson@hotmail.com
336,Linda,Valentine,smithtimothy@jacobs-hood.com
337,Mary,Hamilton,karlthompson@example.org
338,Amy,Taylor,meganosborne@example.org
339,Adam,Lee,charleshenderson@example.com
340,Jennifer,Young,isanchez@douglas-richardson.info
341,Chris,Hicks,hatfieldregina@example.net
342,Jared,Suarez,glennroberts@example.com
343,Christopher,Carney,tbutler@rodgers-fitzpatrick.org
344,Sean,Green,larrysanchez@hotmail.com
345,Edward,Hall,brittany30@yahoo.com
346,Douglas,Brown,mathewsjon@example.net
347,Michelle,Chavez,hutchinsonroger@example.com
348,Carolyn,Nguyen,lovetina@hotmail.com
349,Tracy,Bell,roger75@example.com
350,Brenda,Parks,christinegibson@example.org
351,Laura,Hess,nnelson@hotmail.com
352,Laurie,Faulkner,robin34@example.org
353,Danielle,Harrison,obarrera@example.net
354,Steve,Oliver,kathycooper@gmail.com
355,Frank,Mcdaniel,katherinegay@alvarez-obrien.org
356,Tasha,Powell,schultzamanda@example.org
357,Shane,Henry,gnicholson@yahoo.com
358,Kristen,Rogers,zacharymcdonald@example.net
359,Gregory,Bell,aaronjohnson@example.org
360,Dustin,Wilson,natalie79@example.net
361,Sarah,Robinson,rodrigueztina@yahoo.com
362,Ronnie,Delgado,kristen84@gmail.com
363,Cathy,Eaton,jacksonpatricia@example.net
364,Paul,Watson,amber56@example.net
365,Susan,Hahn,steven12@gmail.com
366,Ryan,King,lisa51@example.com
367,Erika,Jackson,kinganne@gmail.com
368,Karen,Harris,qhenry@johnson.biz
369,Derrick,Sullivan,joneselizabeth@example.com
370,Amy,West,murphydavid@example.org
371,Tracy,Aguilar,fnelson@ross.com
372,Justin,Thompson,zray@gmail.com
373,Melissa,Smith,floydnicole@example.com
374,Tracy,Maldonado,waltersbrian@melendez.com
375,David,Mckinney,jennifergreene@hotmail.com
376,Michael,Walker,michaelburnett@example.com
377,William,Khan,katie43@gmail.com
378,Deborah,Flores,jamie96@yahoo.com
379,Marie,Mccall,michelleedwards@gmail.com
380,Alexandra,Cruz,fjones@harris-valenzuela.com
381,Cathy,Webster,jonesmiranda@gmail.com
382,Alexa,Price,davisallison@stone-woods.org
383,Jay,Simon,cookelizabeth@bell.com
384,Rose,Bailey,qowens@example.com
385,Bianca,Hill,heatherflores@hotmail.com
386,Kristen,Sanford,michaelchurch@hotmail.com
387,Stephanie,Jordan,yreyes@example.org
388,Ricky,Roberts,territhompson@example.com
389,Kirsten,Newton,lisaanderson@example.net
390,Tammie,Rivera,deniseschultz@example.org
391,Dana,Larsen,michaelgraves@example.org
392,John,Castro,coopertimothy@yahoo.com
393,David,Williams,daniel19@hotmail.com
394,Jill,Perez,ddalton@example.org
395,Megan,Gonzalez,mejiaangela@example.net
396,Randy,Yu,wjackson@taylor.com
397,Monica,Hudson,marshallkendra@hotmail.com
398,David,Reese,annette90@example.org
399,April,Tate,knightjonathan@example.com
400,Christopher,Gonzalez,christine21@taylor.info
401,Andrea,Thomas,garnerwendy@example.com
402,Derek,Conner,usmith@gmail.com
403,Frank,Martinez,sgonzalez@example.net
404,Kayla,Mckenzie,vlong@example.org
405,Todd,Turner,vargasrachel@gmail.com
406,Mary,Davis,bradley15@peters.com
407,Jennifer,Shields,armstronglisa@example.com
408,Tracie,Harper,cynthia53@example.org
409,Hannah,Salazar,nicole78@yahoo.com
410,Joseph,Cummings,kingjoshua@hotmail.com
411,Molly,Hill,harristiffany@gmail.com
412,Jessica,Mendoza,zgarcia@kim.com
413,Mary,Douglas,maddoxjesus@russo-thompson.biz
414,Amanda,Watts,samanthawright@example.org
415,Kenneth,Payne,susan96@example.net
416,Philip,Yates,mark61@example.org
417,Paul,Bernard,alopez@walker.com
418,Chad,Harvey,mwilliams@hernandez-chase.com
419,James,Richmond,isaac68@gmail.com
420,Richard,Martinez,cynthiaking@example.net
421,Kelsey,Castillo,jennifermiddleton@gmail.com
422,George,Sanchez,hmaldonado@hotmail.com
423,Joshua,Hamilton,moyerraymond@example.net
424,Jared,Turner,marioharris@example.com
425,Ashley,Martinez,rcervantes@example.org
426,Stacie,Johnson,zwolf@gmail.com
427,Glenn,Caldwell,joannpaul@gmail.com
428,Lauren,Gomez,msmith@yahoo.com
429,Douglas,Fields,meyerskirk@example.net
430,James,Ashley,rosekyle@campbell-thomas.com
431,Joseph,Hendricks,joshua48@hotmail.com
432,Paul,Welch,justinwilliams@yahoo.com
433,Anna,Harris,john04@gmail.com
434,April,Brown,monica11@gmail.com
435,Ashley,Barrett,elizabethryan@example.org
436,Linda,Mcgrath,stevensjerry@hotmail.com
437,Emily,Boone,stephaniebrooks@example.org
438,Allison,Salazar,kimberly44@murphy.com
439,Linda,Collins,schmittedward@example.com
440,Eugene,Wang,jason94@example.com
441,Catherine,Lee,sherry54@example.net
442,Leah,Wong,yjones@example.net
443,Brandon,Green,shenderson@example.com
444,John,Barber,coopermary@example.com
445,Sarah,Lee,palmertony@example.org
446,Amanda,Richardson,tylershelton@example.org
447,Dorothy,Randolph,hhoward@hotmail.com
448,Patricia,Johnson,fordconnie@example.org
449,Ryan,Olsen,clinton05@morgan.com
450,Matthew,Foley,zgarcia@phillips-chambers.com
451,John,Miller,pjohnson@example.net
452,Anna,Pineda,brendajohns@hotmail.com
453,Brian,Chaney,ronaldlynn@ortiz.org
454,Robert,Shaw,tjohnson@gmail.com
455,Jill,Gonzalez,andrew67@gmail.com
456,Noah,Wilson,angelicaoneal@yahoo.com
457,Matthew,Williams,taylorgregory@example.net
458,Ruben,Smith,dflores@example.net
459,Christopher,Berg,zeverett@gmail.com
460,Vincent,Hill,rkim@example.org
461,Lynn,Ferguson,anthony12@yahoo.com
462,Joseph,Whitaker,longmichael@gmail.com
463,Kirsten,Mcgee,cherylstokes@hotmail.com
464,Craig,Kirk,lcrawford@example.org
465,Paula,Nguyen,traceybarnes@example.net
466,Amanda,Weber,kyle93@example.net
467,Cassidy,Mason,blankenshipwilliam@example.com
468,Alison,Mcdaniel,rebeccacarrillo@yahoo.com
469,Stanley,Hall,eric75@gmail.com
470,Stacy,Johnson,cnelson@gmail.com
471,Henry,Anderson,robbinsryan@example.com
472,Michael,Dickson,christopher66@hotmail.com
473,Victoria,Kim,autumnberry@example.net
474,Paige,Brown,hillmichael@walters-riggs.org
475,Gregory,Steele,wrobles@galvan-blackwell.biz
476,Thomas,Mcdonald,stephanie50@hotmail.com
477,Todd,White,kelly18@hotmail.com
478,Timothy,Thomas,pnorman@gmail.com
479,Barbara,Bauer,mark20@woods.com
480,James,Tucker,stephanie59@gmail.com
481,Courtney,Villa,clarkdanielle@rowe.info
482,Julia,Frey,derek11@yahoo.com
483,Joe,Wheeler,harry43@example.com
484,Anthony,Vasquez,elizabeth48@yahoo.com
485,Cassandra,Mitchell,tolsen@gmail.com
486,Melody,Howard,olsonjonathan@example.net
487,Matthew,Thomas,john13@torres.com
488,Yolanda,Gibson,autumnsanders@gmail.com
489,William,Robinson,ibrown@gmail.com
490,Christopher,Rodriguez,swright@walker.com
491,Tyler,Martinez,sarah89@example.com
492,Matthew,Frey,christinamiller@example.org
493,Gabriel,Jones,brayjoseph@gmail.com
494,Alan,Hunt,whiteashley@hotmail.com
495,Diana,Matthews,adrienne58@example.net
496,Lori,Nixon,vdelgado@example.com
497,Mark,Larson,banderson@gmail.com
498,Deanna,Curry,evansronald@example.com
499,Sheila,Miller,taramathis@example.com
500,Darren,Martinez,landerson@alexander-fowler.info
501,Jesse,Watkins,lori10@hotmail.com
502,Daniel,Dean,collinsjeremiah@example.net
503,Dalton,Fitzgerald,dominguezwilliam@example.com
504,Tyler,Hamilton,huntamy@example.net
505,Roberto,Lara,kmurray@example.net
506,Stacie,Chase,stephanie29@lopez.com
507,Janet,Williams,robertssusan@newton.com
508,Theresa,Buckley,garcialuke@hotmail.com
509,Robert,Vargas,aprilwells@example.org
510,Joseph,Dean,tara74@example.com
511,Melissa,Porter,rsimpson@gmail.com
512,Brittney,Williams,karenduran@gmail.com
513,Tyler,Steele,michael21@gmail.com
514,Gary,Gardner,twilson@hotmail.com
515,Michael,Chapman,jamie37@example.net
516,Dawn,Baker,leahharrington@example.org
517,Paula,Villegas,olsonandres@preston-park.biz
518,Margaret,Whitaker,courtney37@yahoo.com
519,Jerry,Schultz,parkerscott@morris.org
520,John,Young,mossstephanie@richards.com
521,Lori,Rodriguez,tammyfloyd@gmail.com
522,Jeffery,Chan,fyang@example.org
523,Stephanie,Pierce,kvalenzuela@yahoo.com
524,Christopher,Turner,jennifer66@example.net
525,Raymond,Carroll,mark00@jones.com
526,Nicole,Mccullough,qwilliams@hotmail.com
527,Michael,Buck,mariapetersen@hotmail.com
528,Matthew,Sherman,welchmario@example.com
529,Julia,Gallagher,mitchellelizabeth@example.org
530,Robin,Banks,warehannah@gmail.com
531,Michelle,Young,curtislittle@example.com
532,Laura,Spencer,anthonybaker@hotmail.com
533,Ashley,Moore,erikagray@example.org
534,Timothy,Klein,samanthawhite@yahoo.com
535,Joseph,Yoder,joseph30@gmail.com
536,Tiffany,Gay,nielsendavid@yahoo.com
537,Margaret,Erickson,vsmith@yahoo.com
538,Brenda,Sampson,jsmith@example.net
539,Megan,King,christopher17@example.net
540,John,Ellis,huynhlisa@norris-kelly.com
541,Tracy,Gordon,fjones@yahoo.com
542,Rhonda,Gates,christopher32@example.com
543,Joan,Sherman,josephgraham@jones.com
544,Amanda,Adams,stuarthunter@example.org
545,Anthony,Evans,cperez@hotmail.com
546,Victor,White,patrick40@gmail.com
547,John,Contreras,jaredhoward@collins.com
548,Joshua,Yates,msims@example.net
549,Monica,Garrison,jenna95@hotmail.com
550,Lori,Wood,sandracampbell@buck.org
551,Colton,Savage,phillipsbrianna@yahoo.com
552,Kim,Woods,stephen24@gmail.com
553,Walter,Reyes,billy01@hoover.net
554,Christine,Allen,nicholasellis@yahoo.com
555,Rachel,Robbins,hamptonpaul@example.net
556,Hannah,Hobbs,kgonzalez@yahoo.com
557,Stacey,Barron,tnoble@example.com
558,Kimberly,Marshall,jaimewilson@yahoo.com
559,Erika,Washington,stephanie22@hotmail.com
560,Cindy,Lopez,francesmora@example.com
561,Elizabeth,Hodges,terry52@example.net
562,Daniel,May,brittany41@gmail.com
563,Connor,Wells,rtorres@example.org
564,Kevin,Thompson,michaelmcneil@gmail.com
565,Darius,Leblanc,harmontyler@reynolds.biz
566,Kenneth,Adams,rachael59@contreras.com
567,Robert,Reynolds,samantha76@example.net
568,Michelle,Houston,justincardenas@gmail.com
569,Edward,Ellis,pmarsh@example.net
570,Lisa,Graham,melissa19@example.net
571,Heather,Miller,denise21@example.org
572,William,Bryant,amartin@yahoo.com
573,Jessica,Smith,jennifer77@example.org
574,Angela,Jackson,william19@example.com
575,Suzanne,Green,ariasrebecca@example.com
576,Stephen,Anderson,eherman@yahoo.com
577,Sean,Manning,collinstara@example.net
578,Robert,Davis,hwilliams@gmail.com
579,Alyssa,Lopez,williejohnson@yahoo.com
580,Grant,Combs,alexjones@yahoo.com
581,Patricia,Ramos,scottbowen@example.net
582,Christopher,Figueroa,tonidavis@gmail.com
583,Teresa,Daniels,cstewart@moreno.com
584,Jason,Warren,frowland@yahoo.com
585,John,Thompson,fatkinson@gmail.com
586,Traci,Vance,danielwilson@example.net
587,Kim,Kelley,pgarrett@example.org
588,Brian,Fields,joyce26@hotmail.com
589,Barry,Lozano,bartonmatthew@yahoo.com
590,James,Hernandez,teresa72@yahoo.com
591,Edward,Brown,benjamin36@example.org
592,Joseph,Gregory,elizabeth09@example.org
593,Deborah,Adams,wmosley@smith-williams.com
594,Stephanie,Lee,ballmichele@example.org
595,Christine,Reynolds,duarteluke@gmail.com
596,Megan,Navarro,wthomas@example.org
597,Melissa,Waters,emilysmith@example.net
598,Robin,Flores,cflores@example.com
599,Kenneth,Wagner,oliviagarcia@example.net
600,Christina,Butler,mfowler@yahoo.com
601,Eric,Bonilla,james28@yahoo.com
602,Elizabeth,Anderson,vmorris@example.com
603,Zachary,Ramos,jonesangelica@example.net
604,Matthew,Olson,melody96@example.org
605,Mary,Ramirez,pli@example.com
606,Amber,Mcfarland,mark80@example.com
607,Kristi,Stewart,crice@gmail.com
608,Carol,Gonzales,ramosmarie@example.com
609,Jason,Montgomery,susanwhite@gmail.com
610,Tracey,Walters,hhines@gmail.com
611,Wayne,Scott,rileyquinn@hotmail.com
612,Michelle,Gomez,berryalexander@gmail.com
613,Gregory,Fischer,kennethmiller@example.com
614,Julie,Leon,hardingchristina@example.org
615,Katie,Olson,phernandez@williams.biz
616,Janet,Salinas,ginagonzalez@gmail.com
617,Paula,Walker,jeffrey73@example.org
618,Matthew,Pierce,josephquinn@example.org
619,Kimberly,Cobb,jeremy99@smith.com
620,Richard,Curry,bwilliams@gonzalez-montgomery.org
621,Brittany,Nelson,johnlara@hotmail.com
622,Calvin,Tate,sullivananna@example.com
623,Madison,Tate,barry95@example.net
624,Elizabeth,Miller,gscott@example.com
625,Lisa,Martinez,fraziercolton@yahoo.com
626,Christopher,Rich,combssheila@garcia-johnson.com
627,George,Thomas,mlowe@young-odom.com
628,Gerald,Davila,baldwinrobin@example.com
629,Julia,Molina,brianmcgee@murray-moore.com
630,Wanda,Michael,ograham@yahoo.com
631,Eric,Daugherty,michaeldorsey@example.net
632,David,Smith,carsonanthony@example.com
633,Angelica,Sanchez,lisa62@example.net
634,Lisa,Farmer,davidbailey@yahoo.com
635,Brandon,Smith,ymolina@reynolds-drake.info
636,Pamela,Savage,michelle31@gmail.com
637,Jeffery,Williams,alejandradaugherty@miller.com
638,Jason,Jackson,justin94@example.net
639,Meghan,Reynolds,christopher12@example.org
640,Lisa,Jordan,barryrobert@yahoo.com
641,Tony,Morgan,ivanmooney@example.org
642,Paul,Barnes,carmenvelazquez@example.com
643,Michael,Hodge,xwolf@example.net
644,Amanda,Hart,logan47@example.org
645,Marcus,Anderson,qcook@example.org
646,Shawn,Johnson,christine17@smith.org
647,Jenna,Dickerson,tmedina@yahoo.com
648,Anthony,Scott,aramos@example.net
649,Amber,Bruce,amyhenry@williams.com
650,Olivia,Singh,ashleyelizabeth@gmail.com
651,Michelle,Knight,robbinsashley@example.net
652,Megan,Johnson,alanward@marshall.net
653,Jimmy,Bell,adrian46@example.org
654,Jessica,May,dpadilla@yahoo.com
655,Jonathan,Clark,brad33@example.org
656,Tanya,Perez,timrichardson@example.org
657,Christopher,Kennedy,margaret53@hotmail.com
658,Paul,Parker,chelseahall@example.org
659,Judy,Campos,zparker@yahoo.com
660,Brandi,Lopez,lopeztamara@yahoo.com
661,Kathleen,Martin,randy57@hotmail.com
662,Vincent,Pope,waltonsamantha@hotmail.com
663,Madeline,Fuller,stacyrussell@yahoo.com
664,Bryan,Parker,melissa42@example.com
665,Melissa,May,garciajacob@example.com
666,Anthony,Hill,khansen@yahoo.com
667,Eric,White,james01@example.com
668,Rebecca,King,samuel68@yahoo.com
669,Brenda,Lee,garywalker@gmail.com
670,William,Bradley,ericaconner@example.net
671,Mary,Edwards,amyacosta@thompson-garcia.org
672,Michael,Mckinney,jaredsharp@hotmail.com
673,Tiffany,Figueroa,emily42@example.net
674,Monica,Copeland,rfowler@hotmail.com
675,Marcus,Holt,allisonolson@example.org
676,Brianna,Hampton,millercourtney@yahoo.com
677,William,Taylor,lawrence05@hotmail.com
678,Helen,Morris,cassandraaustin@gmail.com
679,David,Martinez,swalton@yahoo.com
680,David,Watson,nancy80@example.com
681,Heather,Foster,montgomerydebbie@gmail.com
682,Heather,Mitchell,mhood@gmail.com
683,Helen,Norton,walteraguilar@burgess-robinson.com
684,David,Sanford,josephharris@hotmail.com
685,Steven,Cabrera,trujillonancy@example.net
686,Stephanie,Hughes,terrycaroline@example.com
687,Gina,Anderson,melissa91@yahoo.com
688,James,Byrd,uhopkins@hotmail.com
689,Jamie,Shaw,mitchellmichael@example.net
690,Nicole,Silva,bcruz@example.net
691,Kristen,Levine,mowens@example.net
692,Kenneth,Wright,martinezmark@hotmail.com
693,Robert,Bryant,wbraun@green-chang.com
694,Catherine,Barajas,aware@hotmail.com
695,Kevin,Huerta,hughesjoshua@simon.org
696,Pamela,Payne,vlynch@allen.com
697,Kenneth,Brown,scastillo@example.net
698,Misty,Carter,tjenkins@example.org
699,Edward,Nguyen,danielowen@adams-merritt.net
700,Christina,Romero,brenda42@gmail.com
701,Tracy,Sosa,klevy@yahoo.com
702,Michelle,Robles,wprince@gmail.com
703,Diane,Bowen,tarajohnson@example.org
704,Jermaine,Watts,natalie03@example.net
705,Christopher,Nguyen,davidholt@hale-steele.net
706,Elizabeth,Vega,nathanielfrazier@example.net
707,Jeremy,Tran,ellensanchez@torres.org
708,Dawn,Owen,morenolisa@example.net
709,Jim,Fernandez,mckinneyjerry@gmail.com
710,Kevin,Huerta,dawnyork@example.com
711,Karen,Baxter,lisa75@example.org
712,Susan,Walters,dawsonjill@example.com
713,Angela,Perez,lhenderson@lopez.com
714,George,Campbell,mmcclain@yahoo.com
715,Alexandra,Rivera,heatherparks@gmail.com
716,Elizabeth,Evans,onelson@example.org
717,Stephanie,Flynn,paul65@example.net
718,Travis,Bradley,derekoconnor@hotmail.com
719,April,Turner,annehernandez@example.com
720,Michael,Sellers,jenkinsadam@example.net
721,Amanda,Randall,teresabradford@gmail.com
722,Andrew,Strickland,edwardsmith@gmail.com
723,William,Phillips,sabrina87@hotmail.com
724,Samuel,Marquez,james07@lynch.com
725,Matthew,Sandoval,amypeck@hotmail.com
726,Donald,Humphrey,schapman@gmail.com
727,Stanley,Petersen,imccarty@hotmail.com
728,Regina,Kelly,gcastillo@example.org
729,Margaret,Gomez,allenkrista@buck-allen.org
730,Ian,Potts,fmartinez@yahoo.com
731,Andrea,Green,terryelizabeth@farmer.biz
732,Vanessa,Conley,seandelgado@gmail.com
733,Michael,Maxwell,kellysarah@rodriguez-figueroa.com
734,Michael,Gomez,clarkgarrett@peters.biz
735,Lisa,Hunt,stephanieroberts@yahoo.com
736,Robert,Grant,tdavis@gmail.com
737,Carla,Phelps,benjamin30@davis.com
738,Heather,Bradshaw,richardwhite@hotmail.com
739,Eric,Mooney,jessicamarshall@hotmail.com
740,Lisa,Murphy,cooperjames@hotmail.com
741,Mitchell,Shea,jenkinsbarbara@clark.com
742,Todd,Wilson,ngomez@example.net
743,Stephen,Jones,kimjohn@gmail.com
744,William,Young,beth94@example.net
745,Brittany,West,reynoldseddie@yahoo.com
746,Eric,Gutierrez,kristi55@patton-mclean.com
747,Jessica,Evans,helenwallace@gmail.com
748,Andre,Robinson,nnewman@guerrero.info
749,Joseph,Wilcox,terrellalvin@benitez.biz
750,Peggy,Gutierrez,leewilliam@cooper.info
751,John,Smith,victoriahiggins@lawrence-willis.net
752,Cathy,Walters,walkershelia@stout-brown.com
753,Matthew,Cline,lisa29@yahoo.com
754,Heidi,Whitehead,livingstonjessica@gmail.com
755,Julie,Brown,mkelley@hotmail.com
756,Jason,Mueller,stacymcneil@example.org
757,Rebecca,Campos,desireeedwards@warren-young.com
758,Cindy,Miller,denisebanks@example.com
759,David,Frazier,millerpamela@hotmail.com
760,Nicholas,Hampton,dustinthompson@example.net
761,Adam,Morton,lonnie05@gmail.com
762,Robert,Brown,wcarter@example.com
763,Tammie,Martin,gmeyers@hotmail.com
764,Donald,Glover,denisegalvan@example.org
765,Cody,Mitchell,bmcclure@gmail.com
766,Kimberly,Lawson,acantu@gmail.com
767,Jessica,Moore,masontimothy@chambers-werner.info
768,Marie,Garrison,steven23@example.com
769,Teresa,Salas,sallyjohnson@strickland.net
770,Anita,Kramer,chloe51@hotmail.com
771,Christina,Hardin,tristanlewis@hotmail.com
772,Margaret,Perez,dawn93@hotmail.com
773,Jessica,Coleman,taylor80@hotmail.com
774,Victor,Torres,justin16@waters.org
775,Christopher,Carroll,ostone@example.org
776,Donna,Miller,roachnicholas@example.net
777,Mariah,Barnes,ericsosa@example.net
778,James,Cross,uflynn@example.com
779,Debra,Williams,palmerdawn@gmail.com
780,Jonathan,Miller,emily27@yahoo.com
781,Rachel,Scott,vazquezlisa@example.net
782,Natalie,Harrison,ibarrachristopher@mitchell.com
783,Joshua,Thompson,deborahwilliams@example.com
784,Anthony,Evans,mendezlori@example.net
785,Ruben,Keith,rachel93@example.com
786,Matthew,Keller,obriengeoffrey@example.net
787,Joshua,Romero,davidschmidt@hotmail.com
788,Donna,Stevens,jay35@yahoo.com
789,Eileen,Owens,franklinsnyder@graves-lang.net
790,Andrew,Johnson,moorejason@example.net
791,Austin,Gilmore,wrightrobyn@example.com
792,Joseph,Perkins,ruizshannon@example.com
793,Adam,Cox,santiagoann@goodman.info
794,Sarah,Spencer,prestonbarbara@example.net
795,Frank,Long,carrollkim@example.org
796,Timothy,Freeman,maria20@example.org
797,Christy,Sheppard,obrienjoseph@gmail.com
798,Matthew,Jackson,anita79@herrera.net
799,Diana,Arias,jakerandall@hotmail.com
800,David,Clark,nathan11@morgan-pacheco.com
801,Timothy,Erickson,allisonrita@yahoo.com
802,Daniel,Smith,mhutchinson@example.org
803,William,Benitez,jacquelinethompson@hotmail.com
804,Elizabeth,Ramsey,porterjeffrey@example.net
805,Christine,Kerr,njohnson@hotmail.com
806,Erika,Stevens,lawrence14@example.com
807,Latasha,Hunt,laurie73@yahoo.com
808,Stephanie,Reyes,smithaaron@example.com
809,Megan,Carpenter,david77@gmail.com
810,Tracey,Sharp,zgonzalez@yahoo.com
811,Courtney,Le,jessica29@gomez.com
812,John,Wise,nancyhunter@example.net
813,Kelsey,Johnson,murraycrystal@example.net
814,Jesse,Sherman,james83@yahoo.com
815,Mary,Ryan,michaelyang@valencia-johnson.com
816,Amanda,Reid,vanessacastillo@example.net
817,Tiffany,Gill,michelle73@example.net
818,Anthony,Collins,francisregina@example.net
819,Norma,Murphy,ortizjesse@gmail.com
820,Matthew,Reed,mistysanchez@example.com
821,Karen,Arellano,vincentrussell@hotmail.com
822,Jennifer,Scott,tbenjamin@bender-stewart.com
823,Christopher,Hill,spencernathaniel@scott.net
824,Audrey,Robinson,garciaelizabeth@ferguson.com
825,Margaret,Bass,cartercody@yahoo.com
826,Samuel,Baker,brandon72@example.com
827,David,Young,mendezjonathan@example.net
828,Adam,Nelson,zmcgee@example.org
829,Zachary,Matthews,ggray@hotmail.com
830,Mathew,Cochran,kimberlycole@example.com
831,Rickey,Kent,andrewweeks@hotmail.com
832,Martin,Mosley,jessica02@example.com
833,Benjamin,Webb,karengomez@example.com
834,Megan,Booth,joannwarren@hotmail.com
835,Daniel,Weaver,michael28@example.org
836,Jeffery,Smith,melissa07@example.com
837,Deborah,Garcia,melendezjamie@navarro-marquez.org
838,Mackenzie,Chapman,ikirk@example.net
839,Christopher,Anderson,steve32@yahoo.com
840,Stephanie,Bryan,hintonthomas@gmail.com
841,Teresa,Harrison,morganho@example.com
842,Raymond,Macias,kathleenmiles@example.org
843,David,Gardner,mistystevenson@example.org
844,Kayla,Stewart,emosley@example.com
845,Michelle,Rios,qvaughn@example.org
846,Christine,Butler,jonesvickie@example.net
847,Laura,Peterson,brownandrew@example.org
848,Karen,Beard,rogerslisa@example.com
849,Joseph,Matthews,batesjeffrey@hotmail.com
850,Alexander,Anderson,sbeck@example.com
851,Todd,Ramos,nicholas94@marquez-wolf.org
852,Matthew,Stevenson,saundersrobert@gmail.com
853,Jasmine,Bennett,rayerin@yahoo.com
854,Kathryn,Johnson,christina35@wu.com
855,Amanda,Campos,whitejessica@example.org
856,Lindsay,Underwood,wvelez@hotmail.com
857,Mark,Vargas,brios@gmail.com
858,David,Schwartz,joshuamora@yahoo.com
859,Kenneth,Taylor,collinsjulie@hotmail.com
860,Cassandra,West,wrodgers@marquez.com
861,Richard,Aguilar,ythompson@example.net
862,Craig,Black,johnsonjames@yahoo.com
863,Jennifer,Harris,janetcarpenter@gmail.com
864,Erin,Sanders,gonzalezrandy@example.net
865,Nicole,Chavez,rebeccakelly@velez.biz
866,Brandy,Smith,hwright@example.net
867,Melissa,Gilbert,taylor14@thompson-phelps.biz
868,Melinda,Small,aaron07@gmail.com
869,Kirsten,Herring,brookemunoz@example.com
870,Michele,Hahn,williamrowe@jones.info
871,Corey,Williams,daltonclark@example.net
872,Maria,Brown,ehiggins@gmail.com
873,Ross,Brooks,ajohnson@hotmail.com
874,Peter,Powers,davisterri@example.com
875,Carolyn,Nelson,asweeney@example.com
876,Kenneth,Bowman,randallcruz@hotmail.com
877,Mark,Robinson,washingtonkelly@example.com
878,Daniel,Williams,knightjohn@yahoo.com
879,Ethan,Harding,beverly73@gmail.com
880,Dustin,Salinas,hamiltoneric@example.net
881,Leslie,Walsh,elizabethaustin@example.net
882,Sandra,Johnson,codyblack@example.org
883,John,James,james80@example.org
884,Kristen,Schmidt,heather17@willis.com
885,Darrell,Mcconnell,zlittle@yahoo.com
886,Ashley,Perkins,paul62@example.org
887,Wesley,Fox,markkramer@example.com
888,Tamara,Smith,michelle53@example.net
889,Robin,Anderson,vmoore@hotmail.com
890,John,Edwards,comptonsean@yates.com
891,Terri,Tapia,hayesspencer@example.org
892,William,Johnson,richardstafford@example.net
893,Anthony,Hicks,janet44@hotmail.com
894,Charles,Porter,patriciameyer@hotmail.com
895,John,Johnson,tmcconnell@davis.biz
896,Joe,Mcmahon,bowersgeorge@example.org
897,Kayla,Pena,brittneygarrison@gmail.com
898,Elizabeth,Williamson,ericamiddleton@example.com
899,Suzanne,Fox,melissaallen@ramirez.net
900,Robert,Medina,juliehunt@example.com
901,Ashley,Walton,janet85@hotmail.com
902,John,Cook,bellkathleen@gmail.com
903,Gina,Burns,robin87@gmail.com
904,Laura,Garcia,nathan25@johnson.com
905,Robert,Davis,bradleyhill@rodriguez.org
906,Debra,Roberts,ydavis@hotmail.com
907,Kelly,Krause,graymike@example.org
908,David,King,sramirez@moore.com
909,Jenna,Turner,montgomeryerin@example.org
910,James,Sandoval,richard91@example.com
911,Vanessa,James,jhawkins@yahoo.com
912,Chad,Williams,millerbryan@example.org
913,Michelle,Boyd,robertanderson@example.org
914,Teresa,Morrison,qprice@lee-salinas.com
915,Rachel,Dickerson,adamrandall@example.com
916,James,Roberts,keithcook@gmail.com
917,Dennis,Wagner,millermaria@example.org
918,Amy,Murray,hmontgomery@example.org
919,Paige,Francis,egibson@example.org
920,Joseph,Hart,wgray@example.org
921,Andrea,Lambert,abigailedwards@yahoo.com
922,Jacob,Daugherty,ashleyfrancis@schmidt-gray.com
923,Sharon,Montoya,carol93@example.org
924,Nathan,Mckinney,jasonmorris@yahoo.com
925,Virginia,Wall,andrewadams@hotmail.com
926,Tyler,Richardson,mmurray@example.com
927,James,Adams,rose64@gmail.com
928,Donna,Olson,kennedybrandon@jackson-ward.biz
929,Sabrina,Erickson,ubrooks@brown.com
930,Daniel,Vargas,howardhannah@example.com
931,James,Meyer,ebrown@example.com
932,Raymond,Walker,amy23@gmail.com
933,Zachary,Parker,mschultz@example.net
934,Patricia,Campos,jonesheidi@example.com
935,Brandon,Foster,ngarcia@example.org
936,James,Little,fstevens@gmail.com
937,Brian,Kelly,xfisher@example.org
938,Amanda,Bowers,tyler55@example.org
939,Jody,Cortez,knightjeffrey@example.net
940,Cynthia,Henderson,grose@gmail.com
941,Randall,Wood,lthompson@gmail.com
942,Christina,Hayes,rachel87@hotmail.com
943,Justin,Lara,abigail58@dominguez-hubbard.com
944,Julie,Rivera,faith24@example.com
945,Daniel,Cole,caroline03@stewart-morales.com
946,Ashley,Henry,andersenstanley@example.com
947,Richard,Gross,sarah51@hotmail.com
948,Nicole,Lucas,gabrielle64@hotmail.com
949,Mark,Anderson,michaelortiz@acosta.com
950,Dawn,Anderson,tyoung@example.net
951,Joshua,Powell,evansfrederick@sherman.com
952,Jennifer,Roberts,collinseugene@example.com
953,Joanna,Fischer,whitegavin@hebert.com
954,Alison,Rodriguez,ttanner@example.net
955,Christy,Barajas,sadams@example.net
956,Dylan,Aguirre,donald90@yahoo.com
957,Caroline,Owen,cclark@gmail.com
958,Charles,Sanchez,dfigueroa@jenkins.com
959,Tanya,Harmon,christy53@example.org
960,Meredith,Espinoza,thomas21@gmail.com
961,Sydney,Lozano,jason26@gmail.com
962,Lori,Patel,harrisstacy@vega.com
963,Katherine,Christensen,ygarcia@hotmail.com
964,Alison,Green,ericperez@example.com
965,Kathryn,Ayala,perezjennifer@example.com
966,Timothy,Shelton,hannahsimmons@example.net
967,David,Shelton,owalker@hotmail.com
968,Gwendolyn,Thomas,mccarthytina@example.org
969,Jeremy,Molina,agutierrez@example.org
970,Jennifer,Jones,kurt92@example.org
971,Destiny,Mccarthy,ujones@example.net
972,Katie,Neal,xmendoza@yahoo.com
973,Rebecca,Farley,paula86@murray-hendricks.net
974,Kenneth,Stein,jimmymunoz@example.net
975,Nathan,Romero,hlucas@example.com
976,Jacob,Martinez,guzmanshane@yahoo.com
977,Kara,Davis,adam89@hotmail.com
978,Melissa,Welch,scott05@gomez-mann.com
979,Veronica,Howell,kevin08@yahoo.com
980,Zachary,Gonzalez,amandapowers@rojas-parsons.biz
981,Haley,Mason,tiffanybrown@hotmail.com
982,Stephen,Bell,reyesdylan@robertson.net
983,Sabrina,Johnson,sgordon@example.org
984,Emily,Hahn,michael67@decker-casey.org
985,Joyce,Sweeney,wbrown@example.com
986,Debbie,Jordan,xschmidt@example.org
987,Jason,Mitchell,montgomerywillie@example.net
988,Katherine,Gilmore,andreachristian@example.com
989,Jorge,Avila,tturner@bailey-abbott.com
990,Ariana,Cooper,andrew07@example.org
991,Debra,Morse,johnny97@example.org
992,Bryan,Gibson,bakermelissa@example.org
993,Deborah,Leonard,paul87@peck.net
994,Robert,Mendez,emma56@hotmail.com
995,Jason,Brown,eric07@yahoo.com
996,Alexandra,Adams,angelacase@gmail.com
997,Sophia,Medina,hbrown@sullivan-murphy.com
998,Michael,Becker,alyssa64@gmail.com
999,Charles,Wise,weissbilly@example.net
1000,Christine,Boyer,katherinebarnett@gmail.com
